{
  "noise_levels": [
    0.0,
    0.01,
    0.02,
    0.05,
    0.1,
    0.2
  ],
  "option_a": {
    "accuracy": [
      0.9757545355739486,
      0.9754305660061868,
      0.9752633559066968,
      0.9728597107265279,
      0.9673313268121394,
      0.9511642003176992
    ],
    "f1_is_near": [
      0.9437746478873239,
      0.944331755690782,
      0.9438126337124197,
      0.9411499943738045,
      0.9383971967898722,
      0.9085505258344765
    ]
  },
  "option_c": {
    "accuracy": [
      0.9713861717247722,
      0.9703306579717415,
      0.9696095644176909,
      0.9652307499372962,
      0.9554071565922582,
      0.9302524872502299
    ],
    "f1_is_near": [
      0.9869519219466322,
      0.9864785420340977,
      0.9847274436090225,
      0.982571832312765,
      0.9651259014067857,
      0.9116008718818116
    ]
  }
}