{
  "noise_levels": [
    0.0,
    0.01,
    0.02,
    0.05,
    0.1,
    0.2
  ],
  "option_a": {
    "accuracy": [
      0.937539531941809,
      0.937370862323424,
      0.9372970693653806,
      0.9355576639257853,
      0.9322264389626819,
      0.9190491250263546
    ],
    "f1_is_near": [
      0.6682501979414093,
      0.6683560342096928,
      0.668408964916449,
      0.6674582442808518,
      0.6695783371714444,
      0.6639507947919162
    ]
  },
  "option_c": {
    "accuracy": [
      0.9886991355682058,
      0.9885304659498207,
      0.9873286949188278,
      0.9847248576850095,
      0.9776091081593928,
      0.9568522032468901
    ],
    "f1_is_near": [
      0.9680065627563578,
      0.9682706942980915,
      0.9664791373652133,
      0.9645456679971824,
      0.9452841241944933,
      0.8930742639170342
    ]
  }
}